{"ProjectBreakpoints":"{\"Value\":{\"acme/acme_encerrar.xaml\":[{\"ConditionalExpression\":null,\"ActionExpression\":null,\"ExpectedHitCounter\":null,\"ShouldContinueAfterAction\":false,\"IsTransient\":false,\"IsEnabled\":true,\"Id\":\"a42a98eb-473f-4dd8-86b9-145229a0f632\",\"ActivityIdRef\":\"Delay_1\",\"ActivityId\":\"1.17\",\"ActivityName\":\"Delay\"}]}}","OpenedDocuments":"[\"Process.xaml\",\"ACME/ACME_Sha.xaml\",\"ACME/ACME_Login.xaml\",\"ACME/ACME_Encerrar.xaml\",\"ACME/ACME_ExtraçãoTabela.xaml\",\"Main.xaml\"]","ProjectWatches":"{\"Value\":[]}"}